Sn,Ag,Cu,d,Frequency,T,Drop,P,Life
96.5,3.5,0,6,1,20,25,0.361263,12686
96.5,3.5,0,6,1,20,25,0.405238,12687
96.5,3.5,0,6,1,20,25,0.418134,12336
96.5,3.5,0,6,1,20,25,0.440546,11583
96.5,3.5,0,6,1,20,25,0.440546,10953
96.5,3.5,0,6,1,20,25,0.449843,10725
96.5,3.5,0,6,1,20,25,0.483958,10070
96.5,3.5,0,6,1,20,25,0.51525,9390
96.5,3.5,0,6,1,20,25,0.526124,9324
96.5,3.5,0,6,1,20,25,0.554325,9259
96.5,3.5,0,6,1,20,25,0.566024,9003
96.5,3.5,0,6,1,20,25,0.602623,8395
96.5,3.5,0,6,1,20,25,0.6218,8050
96.5,3.5,0,6,1,20,25,0.628327,7773
96.5,3.5,0,6,1,20,25,0.628327,7558
96.5,3.5,0,6,1,20,25,0.634923,7401
96.5,3.5,0,6,1,20,25,0.662006,7247
96.5,3.5,0,6,1,20,25,0.72724,7247
96.5,3.5,0,6,1,20,25,0.798904,7247
96.5,3.5,0,6,1,20,25,0.850561,7047
96.5,3.5,0,6,1,20,25,0.877628,6664
96.5,3.5,0,6,1,20,25,0.905558,6257
96.5,3.5,0,6,1,20,25,0.905558,5633
96.5,3.5,0,6,1,20,25,0.905558,5364
96.5,3.5,0,6,1,20,25,0.905558,5179
96.5,3.5,0,6,1,20,25,0.934376,5036
96.5,3.5,0,6,1,20,25,0.984458,4966
96.5,3.5,0,6,1,20,25,1.01579,4863
96.5,3.5,0,6,1,20,25,1.02645,4762
96.5,3.5,0,6,1,20,25,1.05912,4472
96.5,3.5,0,6,1,20,25,1.07023,4318
96.5,3.5,0,6,1,20,25,1.10429,4228
96.5,3.5,0,6,1,20,25,1.1276,4199
96.5,3.5,0,6,1,20,25,1.1757,4054
96.5,3.5,0,6,1,20,25,1.20051,4026
96.5,3.5,0,6,1,20,25,1.26486,3915
96.5,3.5,0,6,1,20,25,1.33265,3574
96.5,3.5,0,6,1,20,25,1.34664,3427
96.5,3.5,0,6,1,20,25,1.37506,3333
96.5,3.5,0,6,1,20,25,1.43371,3263
96.5,3.5,0,6,1,20,25,1.49487,3263
96.5,3.5,0,6,1,20,25,1.52642,3218
96.5,3.5,0,6,1,20,25,1.55863,3151
96.5,3.5,0,6,1,20,25,1.55863,2959
96.5,3.5,0,6,1,20,25,1.60823,2918
96.5,3.5,0,6,1,20,25,1.64218,2857
96.5,3.5,0,6,1,20,25,1.71222,2759
96.5,3.5,0,6,1,20,25,1.74836,2702
96.5,3.5,0,6,1,20,25,1.76671,2645
96.5,3.5,0,6,1,20,25,1.804,2537
96.5,3.5,0,6,1,20,25,1.82293,2484
96.5,3.5,0,6,1,20,25,1.84207,2449
96.5,3.5,0,6,1,20,25,1.96118,2415
96.5,3.5,0,6,1,20,25,1.98177,2365
96.5,3.5,0,6,1,20,25,1.98177,2252
96.5,3.5,0,6,1,20,25,2.10991,2236
96.5,3.5,0,6,0.1,20,25,0.365055,10284
96.5,3.5,0,6,0.1,20,25,0.368887,10212
96.5,3.5,0,6,0.1,20,25,0.392739,9930
96.5,3.5,0,6,0.1,20,25,0.422523,9260
96.5,3.5,0,6,0.1,20,25,0.464159,8513
96.5,3.5,0,6,0.1,20,25,0.483958,8278
96.5,3.5,0,6,0.1,20,25,0.526124,7827
96.5,3.5,0,6,0.1,20,25,0.548566,7611
96.5,3.5,0,6,0.1,20,25,0.571965,7298
96.5,3.5,0,6,0.1,20,25,0.571965,7047
96.5,3.5,0,6,0.1,20,25,0.596362,6617
96.5,3.5,0,6,0.1,20,25,0.628327,6390
96.5,3.5,0,6,0.1,20,25,0.662006,6257
96.5,3.5,0,6,0.1,20,25,0.683073,6127
96.5,3.5,0,6,0.1,20,25,0.712209,5958
96.5,3.5,0,6,0.1,20,25,0.72724,5916
96.5,3.5,0,6,0.1,20,25,0.80729,5916
96.5,3.5,0,6,0.1,20,25,0.832981,5834
96.5,3.5,0,6,0.1,20,25,0.824327,5107
96.5,3.5,0,6,0.1,20,25,0.859489,5036
96.5,3.5,0,6,0.1,20,25,0.924669,4631
96.5,3.5,0,6,0.1,20,25,0.944184,4318
96.5,3.5,0,6,0.1,20,25,0.944184,4199
96.5,3.5,0,6,0.1,20,25,0.944184,4111
96.5,3.5,0,6,0.1,20,25,0.964111,4026
96.5,3.5,0,6,0.1,20,25,1.00523,3807
96.5,3.5,0,6,0.1,20,25,1.02645,3780
96.5,3.5,0,6,0.1,20,25,1.08147,3650
96.5,3.5,0,6,0.1,20,25,1.1276,3451
96.5,3.5,0,6,0.1,20,25,1.1276,3333
96.5,3.5,0,6,0.1,20,25,1.1757,3218
96.5,3.5,0,6,0.1,20,25,1.1757,3173
96.5,3.5,0,6,0.1,20,25,1.22584,3022
96.5,3.5,0,6,0.1,20,25,1.30511,3022
96.5,3.5,0,6,0.1,20,25,1.31881,2837
96.5,3.5,0,6,0.1,20,25,1.31881,2759
96.5,3.5,0,6,0.1,20,25,1.31881,2645
96.5,3.5,0,6,0.1,20,25,1.3895,2519
96.5,3.5,0,6,0.1,20,25,1.44876,2501
96.5,3.5,0,6,0.1,20,25,1.54244,2432
96.5,3.5,0,6,0.1,20,25,1.54244,2300
96.5,3.5,0,6,0.1,20,25,1.59153,2190
96.5,3.5,0,6,0.1,20,25,1.7302,2115
96.5,3.5,0,6,0.1,20,25,1.88095,2100
96.5,3.5,0,6,0.01,20,25,0.346483,5594
96.5,3.5,0,6,0.01,20,25,0.35751,5440
96.5,3.5,0,6,0.01,20,25,0.372759,5327
96.5,3.5,0,6,0.01,20,25,0.388659,5143
96.5,3.5,0,6,0.01,20,25,0.409492,4966
96.5,3.5,0,6,0.01,20,25,0.422523,4796
96.5,3.5,0,6,0.01,20,25,0.422523,4696
96.5,3.5,0,6,0.01,20,25,0.454565,4318
96.5,3.5,0,6,0.01,20,25,0.464159,4258
96.5,3.5,0,6,0.01,20,25,0.47893,4140
96.5,3.5,0,6,0.01,20,25,0.489038,4054
96.5,3.5,0,6,0.01,20,25,0.51525,3970
96.5,3.5,0,6,0.01,20,25,0.531647,3754
96.5,3.5,0,6,0.01,20,25,0.542868,3650
96.5,3.5,0,6,0.01,20,25,0.554325,3574
96.5,3.5,0,6,0.01,20,25,0.560144,3500
96.5,3.5,0,6,0.01,20,25,0.577969,3380
96.5,3.5,0,6,0.01,20,25,0.596362,3309
96.5,3.5,0,6,0.01,20,25,0.615341,3286
96.5,3.5,0,6,0.01,20,25,0.668955,3173
96.5,3.5,0,6,0.01,20,25,0.690243,3043
96.5,3.5,0,6,0.01,20,25,0.704811,2877
96.5,3.5,0,6,0.01,20,25,0.742589,2683
96.5,3.5,0,6,0.01,20,25,0.774264,2590
96.5,3.5,0,6,0.01,20,25,0.850561,2484
96.5,3.5,0,6,0.01,20,25,0.850561,2449
96.5,3.5,0,6,0.01,20,25,0.850561,2236
96.5,3.5,0,6,0.01,20,25,0.886841,2221
96.5,3.5,0,6,0.01,20,25,0.954095,2190
96.5,3.5,0,6,0.01,20,25,0.954095,2100
96.5,3.5,0,6,0.01,20,25,0.964111,2028
96.5,3.5,0,6,0.01,20,25,1.10429,1904
96.5,3.5,0,6,0.01,20,25,1.13943,1838
96.5,3.5,0,6,0.01,20,25,1.21311,1702
96.5,3.5,0,6,0.01,20,25,1.27813,1587
96.5,3.5,0,6,0.01,20,25,1.29155,1543
96.5,3.5,0,6,0.01,20,25,1.33265,1459
96.5,3.5,0,6,0.01,20,25,1.37506,1449
96.5,3.5,0,6,0.01,20,25,1.46397,1409
96.5,3.5,0,6,0.01,20,25,1.60823,1361
96.5,3.5,0,6,0.01,20,25,1.60823,1332
96.5,3.5,0,6,0.01,20,25,1.67683,1323
96.5,3.5,0,6,0.01,20,25,1.76671,1305
96.5,3.5,0,6,0.01,20,25,1.90069,1305
96.5,3.5,0,6,0.001,20,25,0.380626,4083
96.5,3.5,0,6,0.001,20,25,0.401028,3998
96.5,3.5,0,6,0.001,20,25,0.405238,3887
96.5,3.5,0,6,0.001,20,25,0.422523,3728
96.5,3.5,0,6,0.001,20,25,0.43144,3574
96.5,3.5,0,6,0.001,20,25,0.440546,3500
96.5,3.5,0,6,0.001,20,25,0.459337,3380
96.5,3.5,0,6,0.001,20,25,0.494171,3286
96.5,3.5,0,6,0.001,20,25,0.504601,3218
96.5,3.5,0,6,0.001,20,25,0.504601,3086
96.5,3.5,0,6,0.001,20,25,0.520659,2938
96.5,3.5,0,6,0.001,20,25,0.554325,2778
96.5,3.5,0,6,0.001,20,25,0.590167,2683
96.5,3.5,0,6,0.001,20,25,0.608948,2627
96.5,3.5,0,6,0.001,20,25,0.634923,2572
96.5,3.5,0,6,0.001,20,25,0.668955,2432
96.5,3.5,0,6,0.001,20,25,0.690243,2300
96.5,3.5,0,6,0.001,20,25,0.712209,2175
96.5,3.5,0,6,0.001,20,25,0.758261,2071
96.5,3.5,0,6,0.001,20,25,0.758261,2042
96.5,3.5,0,6,0.001,20,25,0.782391,1999
96.5,3.5,0,6,0.001,20,25,0.824327,1877
96.5,3.5,0,6,0.001,20,25,0.841725,1851
96.5,3.5,0,6,0.001,20,25,0.859489,1800
96.5,3.5,0,6,0.001,20,25,0.877628,1726
96.5,3.5,0,6,0.001,20,25,0.896151,1679
96.5,3.5,0,6,0.001,20,25,0.915064,1655
96.5,3.5,0,6,0.001,20,25,0.954095,1644
96.5,3.5,0,6,0.001,20,25,1.00523,1576
96.5,3.5,0,6,0.001,20,25,1.00523,1543
96.5,3.5,0,6,0.001,20,25,1.01579,1522
96.5,3.5,0,6,0.001,20,25,1.04811,1490
96.5,3.5,0,6,0.001,20,25,1.08147,1470
96.5,3.5,0,6,0.001,20,25,1.1514,1399
96.5,3.5,0,6,0.001,20,25,1.30511,1342
96.5,3.5,0,6,0.001,20,25,1.26486,1332
96.5,3.5,0,6,0.001,20,25,1.30511,1225
96.5,3.5,0,6,0.001,20,25,1.40408,1216
96.5,3.5,0,6,0.001,20,25,1.49487,1200
96.5,3.5,0,6,0.001,20,25,1.52642,1088
96.5,3.5,0,6,0.001,20,25,1.52642,1050
96.5,3.5,0,6,0.001,20,25,1.55863,986
96.5,3.5,0,6,0.001,20,25,1.69444,972
96.5,3.5,0,6,0.001,20,25,1.7302,972
96.5,3.5,0,6,0.001,20,25,1.78526,926
96.5,3.5,0,6,0.001,20,25,1.78526,875
96.5,3.5,0,6,0.001,20,25,1.92064,816
96.5,3.5,0,6,0.001,20,25,1.86141,794
96.5,3.5,0,6,0.1,20,25,0.00370711,10621
96.5,3.5,0,6,0.1,20,25,0.00380139,10042
96.5,3.5,0,6,0.1,20,25,0.00384971,9493
96.5,3.5,0,6,0.1,20,25,0.00404726,9077
96.5,3.5,0,6,0.1,20,25,0.00452891,8681
96.5,3.5,0,6,0.1,20,25,0.00500564,7937
96.5,3.5,0,6,0.1,20,25,0.00526283,7421
96.5,3.5,0,6,0.1,20,25,0.00574485,6709
96.5,3.5,0,6,0.1,20,25,0.00667459,6134
96.5,3.5,0,6,0.1,20,25,0.00719379,6067
96.5,3.5,0,6,0.1,20,25,0.00765722,6000
96.5,3.5,0,6,0.1,20,25,0.00825311,5868
96.5,3.5,0,6,0.1,20,25,0.00835752,5674
96.5,3.5,0,6,0.1,20,25,0.00835828,5486
96.5,3.5,0,6,0.1,20,25,0.00846479,5128
96.5,3.5,0,6,0.1,20,25,0.00912547,4636
96.5,3.5,0,6,0.1,20,25,0.00959492,4238
96.5,3.5,0,6,0.1,20,25,0.00971689,4007
96.5,3.5,0,6,0.1,20,25,0.00996278,3962
96.5,3.5,0,6,0.1,20,25,0.0106065,3663
96.5,3.5,0,6,0.1,20,25,0.0108746,3663
96.5,3.5,0,6,0.1,20,25,0.0110128,3463
96.5,3.5,0,6,0.1,20,25,0.0117241,3238
96.5,3.5,0,6,0.1,20,25,0.0121721,3167
96.5,3.5,0,6,0.1,20,25,0.012957,3062
96.5,3.5,0,6,0.1,20,25,0.0132853,2994
96.5,3.5,0,6,0.1,20,25,0.0134542,2831
96.5,3.5,0,6,0.1,20,25,0.0134566,2646
96.5,3.5,0,6,0.1,20,25,0.0136281,2474
96.5,3.5,0,6,0.1,20,25,0.0143266,2419
96.5,3.5,0,6,0.1,20,25,0.0148741,2366
96.5,3.5,0,6,0.1,20,25,0.0156359,2340
96.5,3.5,0,6,0.1,20,25,0.0164392,2187
96.5,3.5,0,6,0.1,20,25,0.0179411,2139
96.5,3,0.5,6,0.1,20,25,0.0029199,19036
96.5,3,0.5,6,0.1,20,25,0.00307058,16452
96.5,3,0.5,6,0.1,20,25,0.00307095,15729
96.5,3,0.5,6,0.1,20,25,0.00356839,13750
96.5,3,0.5,6,0.1,20,25,0.00361342,13445
96.5,3,0.5,6,0.1,20,25,0.00384702,12292
96.5,3,0.5,6,0.1,20,25,0.00389568,11885
96.5,3,0.5,6,0.1,20,25,0.0041991,11365
96.5,3,0.5,6,0.1,20,25,0.00447002,10867
96.5,3,0.5,6,0.1,20,25,0.00469997,9934
96.5,3,0.5,6,0.1,20,25,0.0048192,9606
96.5,3,0.5,6,0.1,20,25,0.00506666,9082
96.5,3,0.5,6,0.1,20,25,0.00526075,8587
96.5,3,0.5,6,0.1,20,25,0.00539453,8119
96.5,3,0.5,6,0.1,20,25,0.00546278,7850
96.5,3,0.5,6,0.1,20,25,0.00581611,7096
96.5,3,0.5,6,0.1,20,25,0.00619248,6343
96.5,3,0.5,6,0.1,20,25,0.00634976,6065
96.5,3,0.5,6,0.1,20,25,0.00667621,5607
96.5,3,0.5,6,0.1,20,25,0.00676047,5483
96.5,3,0.5,6,0.1,20,25,0.0071962,5362
96.5,3,0.5,6,0.1,20,25,0.00747164,5127
96.5,3,0.5,6,0.1,20,25,0.00756709,4739
96.5,3,0.5,6,0.1,20,25,0.00756755,4634
96.5,3,0.5,6,0.1,20,25,0.00756847,4430
96.5,3,0.5,6,0.1,20,25,0.00775999,4381
96.5,3,0.5,6,0.1,20,25,0.0082599,4333
96.5,3,0.5,6,0.1,20,25,0.00868323,4237
96.5,3,0.5,6,0.1,20,25,0.0089035,4097
96.5,3,0.5,6,0.1,20,25,0.00912964,3917
96.5,3,0.5,6,0.1,20,25,0.00948024,3581
96.5,3,0.5,6,0.1,20,25,0.00960018,3462
96.5,3,0.5,6,0.1,20,25,0.00972251,3237
96.5,3,0.5,6,0.1,20,25,0.00984521,3165
96.5,3,0.5,6,0.1,20,25,0.0102208,3165
96.5,3,0.5,6,0.1,20,25,0.0112939,3166
96.5,3,0.5,6,0.1,20,25,0.0123242,3239
96.5,3,0.5,6,0.1,20,25,0.0118746,2927
96.5,3,0.5,6,0.1,20,25,0.0118771,2706
96.5,3,0.5,6,0.1,20,25,0.012178,2646
96.5,3,0.5,6,0.1,20,25,0.0126449,2474
96.5,3,0.5,6,0.1,20,25,0.0128057,2339
96.5,3,0.5,6,0.1,20,25,0.0132966,2186
96.5,3,0.5,6,0.1,20,25,0.0134644,2138
96.5,3,0.5,6,0.1,20,25,0.0138056,2090
96.5,3,0.5,6,0.1,20,25,0.0145127,2067
96.5,3,0.5,6,0.1,20,25,0.0145136,2021
96.5,3,0.5,6,0.1,20,25,0.0146985,1890
96.5,3,0.5,6,0.1,20,25,0.0150714,1827
96.5,3,0.5,6,0.1,20,25,0.0162448,1767
96.5,3,0.5,6,0.1,20,25,0.0166558,1747
96.5,3,0.5,6,0.1,20,25,0.0168691,1597
96.5,3.5,0,6,0.1,20,25,0.00301834,12641
96.5,3.5,0,6,0.1,20,25,0.00326927,12136
96.5,3.5,0,6,0.1,20,25,0.00331307,11891
96.5,3.5,0,6,0.1,20,25,0.00344804,9899
96.5,3.5,0,6,0.1,20,25,0.00368531,9217
96.5,3.5,0,6,0.1,20,25,0.00393891,8940
96.5,3.5,0,6,0.1,20,25,0.00409937,8759
96.5,3.5,0,6,0.1,20,25,0.00444016,8496
96.5,3.5,0,6,0.1,20,25,0.0047457,8240
96.5,3.5,0,6,0.1,20,25,0.0052091,7518
96.5,3.5,0,6,0.1,20,25,0.00542131,7001
96.5,3.5,0,6,0.1,20,25,0.00579436,6132
96.5,3.5,0,6,0.1,20,25,0.00603041,6070
96.5,3.5,0,6,0.1,20,25,0.00644538,5887
96.5,3.5,0,6,0.1,20,25,0.00698121,5710
96.5,3.5,0,6,0.1,20,25,0.00736295,5538
96.5,3.5,0,6,0.1,20,25,0.0076629,5210
96.5,3.5,0,6,0.1,20,25,0.00797506,4901
96.5,3.5,0,6,0.1,20,25,0.00819021,4705
96.5,3.5,0,6,0.1,20,25,0.00852385,4471
96.5,3.5,0,6,0.1,20,25,0.00898995,3997
96.5,3.5,0,6,0.1,20,25,0.00948153,3799
96.5,3.5,0,6,0.1,20,25,0.00960857,3722
96.5,3.5,0,6,0.1,20,25,0.01,3501
96.5,3.5,0,6,0.1,20,25,0.0102698,3362
96.5,3.5,0,6,0.1,20,25,0.0108313,3195
96.5,3.5,0,6,0.1,20,25,0.0111235,3067
96.5,3.5,0,6,0.1,20,25,0.0117318,2915
96.5,3.5,0,6,0.1,20,25,0.011889,2827
96.5,3.5,0,6,0.1,20,25,0.0125391,2553
96.5,3.5,0,6,0.1,20,25,0.0125391,2502
96.5,3.5,0,6,0.1,20,25,0.0125391,2426
96.5,3.5,0,6,0.1,20,25,0.0125391,2329
96.5,3.5,0,6,0.1,20,25,0.0125391,2236
96.5,3.5,0,6,0.1,20,25,0.0134019,2214
96.5,3.5,0,6,0.1,20,25,0.0141348,2191
96.5,3.5,0,6,0.1,20,25,0.0149077,2169
96.5,3.5,0,6,0.1,20,25,0.0151074,2125
96.5,3.5,0,6,0.1,20,25,0.0163634,2083
96.5,3.5,0,6,0.1,20,25,0.0157229,2083
96.5,3.5,0,6,0.1,20,25,0.0174894,2061
96.5,3.5,0,6,0.1,85,25,0.00340245,7442
96.5,3.5,0,6,0.1,85,25,0.00344804,7292
96.5,3.5,0,6,0.1,85,25,0.00349424,7001
96.5,3.5,0,6,0.1,85,25,0.00368531,6653
96.5,3.5,0,6,0.1,85,25,0.00378473,6387
96.5,3.5,0,6,0.1,85,25,0.00383544,6258
96.5,3.5,0,6,0.1,85,25,0.00399168,5948
96.5,3.5,0,6,0.1,85,25,0.00404517,5768
96.5,3.5,0,6,0.1,85,25,0.00420996,5482
96.5,3.5,0,6,0.1,85,25,0.00432353,5210
96.5,3.5,0,6,0.1,85,25,0.00455994,4951
96.5,3.5,0,6,0.1,85,25,0.0047457,4802
96.5,3.5,0,6,0.1,85,25,0.00480929,4610
96.5,3.5,0,6,0.1,85,25,0.00487373,4471
96.5,3.5,0,6,0.1,85,25,0.00493903,4337
96.5,3.5,0,6,0.1,85,25,0.00514023,4249
96.5,3.5,0,6,0.1,85,25,0.00556756,3997
96.5,3.5,0,6,0.1,85,25,0.005872,3647
96.5,3.5,0,6,0.1,85,25,0.00644538,3227
96.5,3.5,0,6,0.1,85,25,0.00644538,3130
96.5,3.5,0,6,0.1,85,25,0.00653174,3036
96.5,3.5,0,6,0.1,85,25,0.00688891,2827
96.5,3.5,0,6,0.1,85,25,0.00716954,2770
96.5,3.5,0,6,0.1,85,25,0.00746161,2659
96.5,3.5,0,6,0.1,85,25,0.0076629,2426
96.5,3.5,0,6,0.1,85,25,0.00776557,2402
96.5,3.5,0,6,0.1,85,25,0.00786962,2282
96.5,3.5,0,6,0.1,85,25,0.00786962,2214
96.5,3.5,0,6,0.1,85,25,0.00797506,2125
96.5,3.5,0,6,0.1,85,25,0.00829994,2104
96.5,3.5,0,6,0.1,85,25,0.0087538,2083
96.5,3.5,0,6,0.1,85,25,0.00898995,2040
96.5,3.5,0,6,0.1,85,25,0.00935617,1979
96.5,3.5,0,6,0.1,85,25,0.00973732,1900
96.5,3.5,0,6,0.1,85,25,0.00986778,1806
96.5,3.5,0,6,0.1,85,25,0.010134,1751
96.5,3.5,0,6,0.1,85,25,0.0106881,1614
96.5,3.5,0,6,0.1,85,25,0.0112726,1582
96.5,3.5,0,6,0.1,85,25,0.011889,1582
96.5,3.5,0,6,0.1,85,25,0.0134019,1550
96.5,3.5,0,6,0.1,85,25,0.0135815,1503
96.5,3.5,0,6,0.1,85,25,0.0134019,1443
96.5,3.5,0,6,0.1,85,25,0.0135815,1344
96.5,3.5,0,6,0.1,85,25,0.0143242,1201
96.5,3.5,0,6,0.1,85,25,0.0149077,1107
96.5,3.5,0,6,0.1,85,25,0.0153099,1096
96.5,3.5,0,6,0.1,85,25,0.016147,1052
96.5,3.5,0,6,0.1,85,25,0.0165826,1031
96.5,3.5,0,6,0.1,85,25,0.0168048,1010
96.5,3.5,0,6,0.1,85,25,0.0168048,980
96.5,3.5,0,6,0.1,85,25,0.01703,941
96.5,3.5,0,6,0.1,120,25,0.00305879,2915
96.5,3.5,0,6,0.1,120,25,0.0031413,2798
96.5,3.5,0,6,0.1,120,25,0.00322605,2742
96.5,3.5,0,6,0.1,120,25,0.00349424,2632
96.5,3.5,0,6,0.1,120,25,0.00368531,2553
96.5,3.5,0,6,0.1,120,25,0.00383544,2426
96.5,3.5,0,6,0.1,120,25,0.00399168,2402
96.5,3.5,0,6,0.1,120,25,0.00409937,2306
96.5,3.5,0,6,0.1,120,25,0.00432353,2169
96.5,3.5,0,6,0.1,120,25,0.00444016,2125
96.5,3.5,0,6,0.1,120,25,0.00462104,2040
96.5,3.5,0,6,0.1,120,25,0.0047457,1999
96.5,3.5,0,6,0.1,120,25,0.00493903,1979
96.5,3.5,0,6,0.1,120,25,0.00500521,1919
96.5,3.5,0,6,0.1,120,25,0.00514023,1900
96.5,3.5,0,6,0.1,120,25,0.00534963,1843
96.5,3.5,0,6,0.1,120,25,0.00556756,1769
96.5,3.5,0,6,0.1,120,25,0.00564216,1699
96.5,3.5,0,6,0.1,120,25,0.00595068,1647
96.5,3.5,0,6,0.1,120,25,0.00627607,1582
96.5,3.5,0,6,0.1,120,25,0.00627607,1550
96.5,3.5,0,6,0.1,120,25,0.00644538,1428
96.5,3.5,0,6,0.1,120,25,0.00688891,1344
96.5,3.5,0,6,0.1,120,25,0.0076629,1290
96.5,3.5,0,6,0.1,120,25,0.0076629,1251
96.5,3.5,0,6,0.1,120,25,0.00786962,1165
96.5,3.5,0,6,0.1,120,25,0.00898995,1130
96.5,3.5,0,6,0.1,120,25,0.0091104,1052
96.5,3.5,0,6,0.1,120,25,0.00935617,1010
96.5,3.5,0,6,0.1,120,25,0.0105468,1000
96.5,3.5,0,6,0.1,120,25,0.0114236,1000
96.5,3.5,0,6,0.1,120,25,0.00973732,1000
96.5,3.5,0,6,0.1,120,25,0.0122097,990
96.5,3.5,0,6,0.1,120,25,0.0123733,941
96.5,3.5,0,6,0.1,120,25,0.0127071,894
96.5,3.5,0,6,0.1,120,25,0.0132247,858
96.5,3.5,0,6,0.1,120,25,0.0137635,824
96.5,3.5,0,6,0.1,120,25,0.0139479,783
96.5,3.5,0,6,0.1,120,25,0.0139479,752
96.5,3.5,0,6,0.1,120,25,0.0143242,707
96.5,3.5,0,6,0.1,120,25,0.0149077,686
96.5,3.5,0,6,0.1,120,25,0.0157229,672
96.5,3.5,0,6,0.1,120,25,0.0165826,645
96.5,3.5,0,6,0.1,120,25,0.0165826,626
96.5,3.5,0,6,0.1,120,25,0.0165826,601
96.5,3.5,0,6,0.1,120,25,0.0168048,577
96.5,3.5,0,6,0.1,120,25,0.0172581,571
96.5,3.5,0,6,0.1,120,25,0.0186929,554
96.5,3.5,0,6,0.1,120,25,0.0191972,537
96.5,3.5,0,6,0.1,120,25,0.0189433,495
99.3,0,0.7,3,1,125,50,0.899552,2265
99.3,0,0.7,3,1,125,50,0.937618,2204
99.3,0,0.7,3,1,125,50,1.01865,2086
99.3,0,0.7,3,1,125,50,1.07668,1921
99.3,0,0.7,3,1,125,50,1.17002,1674
99.3,0,0.7,3,1,125,50,1.21958,1607
99.3,0,0.7,3,1,125,50,1.3252,1439
99.3,0,0.7,3,1,125,50,1.42007,1344
99.3,0,0.7,3,1,125,50,1.52161,1290
99.3,0,0.7,3,1,125,50,1.60815,1221
99.3,0,0.7,3,1,125,50,1.65312,1221
99.3,0,0.7,3,1,125,50,1.69955,1171
99.3,0,0.7,3,1,125,50,1.77154,1124
99.3,0,0.7,3,1,125,50,1.82122,1093
99.3,0,0.7,3,1,125,50,2.03453,940
99.3,0,0.7,3,1,125,50,2.15042,866
99.3,0,0.7,3,1,125,50,2.18045,842
99.3,0,0.7,3,1,125,50,2.33646,797
99.3,0,0.7,3,1,125,50,2.40179,797
99.3,0,0.7,3,1,125,50,2.40198,775
99.3,0,0.7,3,1,125,50,2.53849,744
99.3,0,0.7,3,1,125,50,2.68265,724
99.3,0,0.7,3,1,125,50,2.75799,695
99.3,0,0.7,3,1,125,50,2.8747,676
99.3,0,0.7,3,1,125,50,2.9966,640
99.3,0,0.7,3,1,125,50,3.08076,614
99.3,0,0.7,3,1,125,50,3.25612,573
99.3,0,0.7,3,1,125,50,3.25638,558
99.3,0,0.7,3,1,125,50,3.34785,535
99.3,0,0.7,3,1,125,50,3.53782,528
99.3,0,0.7,3,1,125,50,3.89677,506
99.3,0,0.7,3,1,125,50,3.89693,499
99.3,0,0.7,3,1,125,50,3.95152,479
99.3,0,0.7,3,1,125,50,4.06268,454
99.3,0,0.7,3,1,125,50,4.06301,441
99.3,0,0.7,3,1,125,50,4.11993,424
99.3,0,0.7,3,1,125,50,4.23547,412
99.3,0,0.7,3,1,125,50,4.35407,406
99.3,0,0.7,3,1,125,50,4.53851,390
99.3,0,0.7,3,1,125,50,4.73056,379
99.3,0,0.7,3,1,125,50,4.86323,369
99.3,0,0.7,3,1,125,50,4.93115,359
99.3,0,0.7,3,1,125,50,5.14004,345
99.3,0,0.7,3,1,125,50,5.35755,335
99.3,0,0.7,3,1,125,50,5.58472,317
99.3,0,0.7,3,1,125,50,5.82153,300
99.3,0,0.7,3,1,125,50,5.9026,296
99.3,0,0.7,3,1,125,50,5.98479,292
99.3,0,0.7,3,1,125,50,6.15238,288
99.3,0,0.7,3,1,125,50,6.23805,284
99.3,0,0.7,3,1,125,50,6.23856,277
99.3,0,0.7,3,1,125,50,6.15364,269
99.3,0,0.7,3,1,125,50,6.23959,262
99.3,0,0.7,3,0.01,125,50,1.22008,1400
99.3,0,0.7,3,0.01,125,50,1.27192,1290
99.3,0,0.7,3,0.01,125,50,1.32596,1187
99.3,0,0.7,3,0.01,125,50,1.38219,1124
99.3,0,0.7,3,0.01,125,50,1.44085,1049
99.3,0,0.7,3,0.01,125,50,1.48132,1007
99.3,0,0.7,3,0.01,125,50,1.52293,966
99.3,0,0.7,3,0.01,125,50,1.63189,915
99.3,0,0.7,3,0.01,125,50,1.72463,878
99.3,0,0.7,3,0.01,125,50,1.74886,831
99.3,0,0.7,3,0.01,125,50,1.84826,797
99.3,0,0.7,3,0.01,125,50,1.84848,765
99.3,0,0.7,3,0.01,125,50,2.03654,676
99.3,0,0.7,3,0.01,125,50,2.12298,631
99.3,0,0.7,3,0.01,125,50,2.15254,622
99.3,0,0.7,3,0.01,125,50,2.30684,565
99.3,0,0.7,3,0.01,125,50,2.37143,558
99.3,0,0.7,3,0.01,125,50,2.43794,542
99.3,0,0.7,3,0.01,125,50,2.50641,520
99.3,0,0.7,3,0.01,125,50,2.50662,506
99.3,0,0.7,3,0.01,125,50,2.6128,486
99.3,0,0.7,3,0.01,125,50,2.61291,479
99.3,0,0.7,3,0.01,125,50,2.76163,447
99.3,0,0.7,3,0.01,125,50,2.76186,435
99.3,0,0.7,3,0.01,125,50,2.8792,401
99.3,0,0.7,3,0.01,125,50,2.9193,395
99.3,0,0.7,3,0.01,125,50,3.04283,385
99.3,0,0.7,3,0.01,125,50,3.21563,374
99.3,0,0.7,3,0.01,125,50,3.30595,359
99.3,0,0.7,3,0.01,125,50,3.44627,335
99.3,0,0.7,3,0.01,125,50,3.59196,331
99.3,0,0.7,3,0.01,125,50,3.74427,313
99.3,0,0.7,3,0.01,125,50,3.79641,309
99.3,0,0.7,3,0.01,125,50,3.79687,296
99.3,0,0.7,3,0.01,125,50,3.95755,288
99.3,0,0.7,3,0.01,125,50,4.01266,284
99.3,0,0.7,3,0.01,125,50,4.18246,277
99.3,0,0.7,3,0.01,125,50,4.30011,262
99.3,0,0.7,3,0.01,125,50,4.30028,258
99.3,0,0.7,3,0.01,125,50,4.36053,248
99.3,0,0.7,3,0.01,125,50,4.42125,244
99.3,0,0.7,3,0.01,125,50,4.54524,238
99.3,0,0.7,3,0.01,125,50,4.60853,235
99.3,0,0.7,3,0.01,125,50,4.80355,228
99.3,0,0.7,3,0.01,125,50,4.87044,225
99.3,0,0.7,3,0.01,125,50,4.93826,222
99.3,0,0.7,3,0.01,125,50,5.14723,216
99.3,0,0.7,3,0.01,125,50,5.2918,207
99.3,0,0.7,3,0.01,125,50,5.36593,199
99.3,0,0.7,3,0.01,125,50,5.44088,193
99.3,0,0.7,3,0.01,125,50,5.59346,188
99.3,0,0.7,3,0.01,125,50,5.83088,176
99.3,0,0.7,3,0.01,125,50,5.83136,171
99.3,0,0.7,3,0.01,125,50,5.99465,169
99.3,0,0.7,3,0.01,125,50,6.24833,164
99.3,0,0.7,3,0.01,125,50,6.42329,162
99.3,0,0.7,3,0.01,125,50,6.51247,162
99.3,0,0.7,3,0.01,125,50,6.60316,160
99.3,0,0.7,3,0.01,125,50,6.78806,157
99.3,0,0.7,3,0.01,125,50,6.8823,157
99.3,0,0.7,3,0.001,125,50,1.54458,866
99.3,0,0.7,3,0.001,125,50,1.56628,819
99.3,0,0.7,3,0.001,125,50,1.61034,775
99.3,0,0.7,3,0.001,125,50,1.67862,734
99.3,0,0.7,3,0.001,125,50,1.7257,714
99.3,0,0.7,3,0.001,125,50,1.77424,676
99.3,0,0.7,3,0.001,125,50,1.875,658
99.3,0,0.7,3,0.001,125,50,1.90111,649
99.3,0,0.7,3,0.001,125,50,2.0094,597
99.3,0,0.7,3,0.001,125,50,2.15325,558
99.3,0,0.7,3,0.001,125,50,2.18324,550
99.3,0,0.7,3,0.001,125,50,2.21373,535
99.3,0,0.7,3,0.001,125,50,2.27609,499
99.3,0,0.7,3,0.001,125,50,2.34002,479
99.3,0,0.7,3,0.001,125,50,2.3727,466
99.3,0,0.7,3,0.001,125,50,2.43924,454
99.3,0,0.7,3,0.001,125,50,2.57808,424
99.3,0,0.7,3,0.001,125,50,2.68729,406
99.3,0,0.7,3,0.001,125,50,2.72471,401
99.3,0,0.7,3,0.001,125,50,2.76265,395
99.3,0,0.7,3,0.001,125,50,2.92014,359
99.3,0,0.7,3,0.001,125,50,2.9608,354
99.3,0,0.7,3,0.001,125,50,3.00216,345
99.3,0,0.7,3,0.001,125,50,3.12958,322
99.3,0,0.7,3,0.001,125,50,3.17369,300
99.3,0,0.7,3,0.001,125,50,3.21801,292
99.3,0,0.7,3,0.001,125,50,3.30826,284
99.3,0,0.7,3,0.001,125,50,3.44826,277
99.3,0,0.7,3,0.001,125,50,3.59447,262
99.3,0,0.7,3,0.001,125,50,3.69528,255
99.3,0,0.7,3,0.001,125,50,3.69543,251
99.3,0,0.7,3,0.001,125,50,3.79906,244
99.3,0,0.7,3,0.001,125,50,3.90544,241
99.3,0,0.7,3,0.001,125,50,4.01513,231
99.3,0,0.7,3,0.001,125,50,4.18556,216
99.3,0,0.7,3,0.001,125,50,4.24419,207
99.3,0,0.7,3,0.001,125,50,4.36322,202
99.3,0,0.7,3,0.001,125,50,4.42416,196
99.3,0,0.7,3,0.001,125,50,4.48595,191
99.3,0,0.7,3,0.001,125,50,4.67598,183
99.3,0,0.7,3,0.001,125,50,4.80711,178
99.3,0,0.7,3,0.001,125,50,4.87405,176
99.3,0,0.7,3,0.001,125,50,5.01074,171
99.3,0,0.7,3,0.001,125,50,5.15126,166
99.3,0,0.7,3,0.001,125,50,5.36925,162
99.3,0,0.7,3,0.001,125,50,5.44424,157
99.3,0,0.7,3,0.001,125,50,5.5205,151
99.3,0,0.7,3,0.001,125,50,5.67579,143
99.3,0,0.7,3,0.001,125,50,5.8352,137
99.3,0,0.7,3,0.001,125,50,6.00008,125
99.3,0,0.7,3,0.001,125,50,6.3416,116
99.3,0,0.7,3,0.001,125,50,6.61023,112
99.3,0,0.7,3,0.001,125,50,6.70227,110
99.3,0,0.7,3,0.001,125,50,7.08288,107
99.3,0,0.7,3,0.001,125,50,7.28122,106
99.3,0,0.7,3,0.01,25,50,0.778691,3772
99.3,0,0.7,3,0.01,25,50,0.809241,3630
99.3,0,0.7,3,0.01,25,50,0.84099,3448
99.3,0,0.7,3,0.01,25,50,0.851848,3404
99.3,0,0.7,3,0.01,25,50,0.873985,3152
99.3,0,0.7,3,0.01,25,50,0.94391,2881
99.3,0,0.7,3,0.01,25,50,0.993607,2773
99.3,0,0.7,3,0.01,25,50,0.993607,2737
99.3,0,0.7,3,0.01,25,50,1.05942,2502
99.3,0,0.7,3,0.01,25,50,1.1152,2347
99.3,0,0.7,3,0.01,25,50,1.1296,2287
99.3,0,0.7,3,0.01,25,50,1.20443,2173
99.3,0,0.7,3,0.01,25,50,1.26784,2064
99.3,0,0.7,3,0.01,25,50,1.30079,1986
99.3,0,0.7,3,0.01,25,50,1.36927,1816
99.3,0,0.7,3,0.01,25,50,1.40486,1770
99.3,0,0.7,3,0.01,25,50,1.45997,1703
99.3,0,0.7,3,0.01,25,50,1.55668,1557
99.3,0,0.7,3,0.01,25,50,1.59714,1517
99.3,0,0.7,3,0.01,25,50,1.6598,1423
99.3,0,0.7,3,0.01,25,50,1.70293,1387
99.3,0,0.7,3,0.01,25,50,1.74719,1352
99.3,0,0.7,3,0.01,25,50,1.79259,1301
99.3,0,0.7,3,0.01,25,50,1.81574,1284
99.3,0,0.7,3,0.01,25,50,1.88697,1236
99.3,0,0.7,3,0.01,25,50,1.96101,1159
99.3,0,0.7,3,0.01,25,50,1.98632,1130
99.3,0,0.7,3,0.01,25,50,2.06425,1033
99.3,0,0.7,3,0.01,25,50,1.98632,1033
99.3,0,0.7,3,0.01,25,50,2.1179,1019
99.3,0,0.7,3,0.01,25,50,2.20099,968
99.3,0,0.7,3,0.01,25,50,2.25819,920
99.3,0,0.7,3,0.01,25,50,2.37708,863
99.3,0,0.7,3,0.01,25,50,2.40777,841
99.3,0,0.7,3,0.01,25,50,2.53454,820
99.3,0,0.7,3,0.01,25,50,2.63398,789
99.3,0,0.7,3,0.01,25,50,2.77266,759
99.3,0,0.7,3,0.01,25,50,2.88144,730
99.3,0,0.7,3,0.01,25,50,2.91864,721
99.3,0,0.7,3,0.01,25,50,2.95632,694
99.3,0,0.7,3,0.01,25,50,3.11198,651
99.3,0,0.7,3,0.01,25,50,3.15215,651
99.3,0,0.7,3,0.01,25,50,3.27582,634
99.3,0,0.7,3,0.01,25,50,3.40434,618
99.3,0,0.7,3,0.01,25,50,3.49281,602
99.3,0,0.7,3,0.01,25,50,3.53791,595
99.3,0,0.7,3,0.01,25,50,3.58358,587
99.3,0,0.7,3,0.01,25,50,3.62985,587
99.3,0,0.7,3,0.01,25,50,3.72418,580
99.3,0,0.7,3,0.01,25,50,3.87029,551
99.3,0,0.7,3,0.01,25,50,3.92026,537
99.3,0,0.7,3,0.01,25,50,3.97087,503
99.3,0,0.7,3,0.01,25,50,4.07406,484
99.3,0,0.7,3,0.01,25,50,4.2339,478
99.3,0,0.7,3,0.01,25,50,4.17994,478
99.3,0,0.7,3,0.01,25,50,4.45682,426
99.3,0,0.7,3,0.01,25,50,4.69147,400
99.3,0,0.7,3,0.01,25,50,4.75204,390
99.3,0,0.7,3,0.01,25,50,4.87554,380
99.3,0,0.7,3,0.01,25,50,5.06682,370
99.3,0,0.7,3,0.01,25,50,5.13223,365
99.3,0,0.7,3,0.01,25,50,5.19849,352
99.3,0,0.7,3,0.01,25,50,5.26561,343
99.3,0,0.7,3,0.01,25,50,5.33359,338
99.3,0,0.7,3,0.01,25,50,5.40245,325
99.3,0,0.7,3,0.01,25,50,5.83468,317
99.3,0,0.7,3,0.01,25,50,5.76031,317
99.3,0,0.7,3,0.01,25,50,5.91,309
99.3,0,0.7,3,0.01,25,50,5.91,298
99.3,0,0.7,3,0.01,25,50,5.9863,290
99.3,0,0.7,3,0.01,25,50,6.06359,286
99.3,0,0.7,3,0.01,25,50,6.14187,283
99.3,0,0.7,3,0.01,75,50,0.993607,2201
99.3,0,0.7,3,0.01,75,50,1.04592,2201
99.3,0,0.7,3,0.01,75,50,1.04592,2118
99.3,0,0.7,3,0.01,75,50,1.05942,2038
99.3,0,0.7,3,0.01,75,50,1.08696,1986
99.3,0,0.7,3,0.01,75,50,1.1152,1911
99.3,0,0.7,3,0.01,75,50,1.14418,1839
99.3,0,0.7,3,0.01,75,50,1.17392,1747
99.3,0,0.7,3,0.01,75,50,1.21998,1660
99.3,0,0.7,3,0.01,75,50,1.26784,1639
99.3,0,0.7,3,0.01,75,50,1.31758,1577
99.3,0,0.7,3,0.01,75,50,1.36927,1517
99.3,0,0.7,3,0.01,75,50,1.38695,1479
99.3,0,0.7,3,0.01,75,50,1.40486,1460
99.3,0,0.7,3,0.01,75,50,1.45997,1335
99.3,0,0.7,3,0.01,75,50,1.47882,1318
99.3,0,0.7,3,0.01,75,50,1.55668,1252
99.3,0,0.7,3,0.01,75,50,1.61776,1204
99.3,0,0.7,3,0.01,75,50,1.6598,1174
99.3,0,0.7,3,0.01,75,50,1.70293,1130
99.3,0,0.7,3,0.01,75,50,1.81574,1046
99.3,0,0.7,3,0.01,75,50,1.88697,981
99.3,0,0.7,3,0.01,75,50,1.93601,932
99.3,0,0.7,3,0.01,75,50,1.98632,920
99.3,0,0.7,3,0.01,75,50,2.0909,885
99.3,0,0.7,3,0.01,75,50,2.17294,841
99.3,0,0.7,3,0.01,75,50,2.28734,809
99.3,0,0.7,3,0.01,75,50,2.37708,779
99.3,0,0.7,3,0.01,75,50,2.43886,749
99.3,0,0.7,3,0.01,75,50,2.47035,721
99.3,0,0.7,3,0.01,75,50,2.47035,703
99.3,0,0.7,3,0.01,75,50,2.53454,685
99.3,0,0.7,3,0.01,75,50,2.60041,651
99.3,0,0.7,3,0.01,75,50,2.66799,634
99.3,0,0.7,3,0.01,75,50,2.70243,626
99.3,0,0.7,3,0.01,75,50,2.80846,602
99.3,0,0.7,3,0.01,75,50,2.88144,595
99.3,0,0.7,3,0.01,75,50,2.91864,572
99.3,0,0.7,3,0.01,75,50,2.95632,565
99.3,0,0.7,3,0.01,75,50,3.03315,544
99.3,0,0.7,3,0.01,75,50,3.23407,510
99.3,0,0.7,3,0.01,75,50,3.19285,510
99.3,0,0.7,3,0.01,75,50,3.27582,484
99.3,0,0.7,3,0.01,75,50,3.40434,466
99.3,0,0.7,3,0.01,75,50,3.4483,454
99.3,0,0.7,3,0.01,75,50,3.58358,443
99.3,0,0.7,3,0.01,75,50,3.67671,426
99.3,0,0.7,3,0.01,75,50,3.72418,421
99.3,0,0.7,3,0.01,75,50,3.77226,410
99.3,0,0.7,3,0.01,75,50,3.87029,395
99.3,0,0.7,3,0.01,75,50,3.92026,390
99.3,0,0.7,3,0.01,75,50,3.92026,385
99.3,0,0.7,3,0.01,75,50,4.02214,370
99.3,0,0.7,3,0.01,75,50,4.02214,365
99.3,0,0.7,3,0.01,75,50,4.02214,356
99.3,0,0.7,3,0.01,75,50,4.07406,338
99.3,0,0.7,3,0.01,75,50,4.28856,334
99.3,0,0.7,3,0.01,75,50,4.40001,334
99.3,0,0.7,3,0.01,75,50,4.51436,317
99.3,0,0.7,3,0.01,75,50,4.69147,309
99.3,0,0.7,3,0.01,75,50,4.81339,301
99.3,0,0.7,3,0.01,75,50,4.87554,294
99.3,0,0.7,3,0.01,75,50,4.93848,294
99.3,0,0.7,3,0.01,75,50,5.06682,286
99.3,0,0.7,3,0.01,75,50,5.13223,283
99.3,0,0.7,3,0.01,75,50,5.19849,275
99.3,0,0.7,3,0.01,75,50,5.19849,272
99.3,0,0.7,3,0.01,75,50,5.33359,262
99.3,0,0.7,3,0.01,75,50,5.40245,255
99.3,0,0.7,3,0.01,75,50,5.54284,245
99.3,0,0.7,3,0.01,75,50,5.54284,242
99.3,0,0.7,3,0.01,75,50,5.68689,239
99.3,0,0.7,3,0.01,75,50,5.76031,236
99.3,0,0.7,3,0.01,75,50,5.76031,233
99.3,0,0.7,3,0.01,75,50,5.76031,224
99.3,0,0.7,3,0.01,75,50,5.91,224
99.3,0,0.7,3,0.01,75,50,6.22117,222
99.3,0,0.7,3,0.01,75,50,6.30148,222
99.3,0,0.7,3,0.01,75,50,6.63326,216
99.3,0,0.7,3,1,25,50,0.394225,6860
99.3,0,0.7,3,1,25,50,0.41402,6748
99.3,0,0.7,3,1,25,50,0.420837,6638
99.3,0,0.7,3,1,25,50,0.434808,6320
99.3,0,0.7,3,1,25,50,0.441967,6116
99.3,0,0.7,3,1,25,50,0.449244,5919
99.3,0,0.7,3,1,25,50,0.471801,5635
99.3,0,0.7,3,1,25,50,0.487465,5453
99.3,0,0.7,3,1,25,50,0.503649,5365
99.3,0,0.7,3,1,25,50,0.52037,5277
99.3,0,0.7,3,1,25,50,0.546498,5024
99.3,0,0.7,3,1,25,50,0.573938,4783
99.3,0,0.7,3,1,25,50,0.602756,4480
99.3,0,0.7,3,1,25,50,0.643444,4265
99.3,0,0.7,3,1,25,50,0.686878,4060
99.3,0,0.7,3,1,25,50,0.709682,3865
99.3,0,0.7,3,1,25,50,0.745316,3561
99.3,0,0.7,3,1,25,50,0.77006,3446
99.3,0,0.7,3,1,25,50,0.808726,3335
99.3,0,0.7,3,1,25,50,0.849333,3175
99.3,0,0.7,3,1,25,50,0.891979,3023
99.3,0,0.7,3,1,25,50,0.906665,2925
99.3,0,0.7,3,1,25,50,0.95219,2785
99.3,0,0.7,3,1,25,50,0.983802,2651
99.3,0,0.7,3,1,25,50,1.01646,2608
99.3,0,0.7,3,1,25,50,1.05021,2524
99.3,0,0.7,3,1,25,50,1.05021,2483
99.3,0,0.7,3,1,25,50,1.1211,2403
99.3,0,0.7,3,1,25,50,1.15832,2326
99.3,0,0.7,3,1,25,50,1.19678,2251
99.3,0,0.7,3,1,25,50,1.21648,2178
99.3,0,0.7,3,1,25,50,1.25687,2108
99.3,0,0.7,3,1,25,50,1.2986,2007
99.3,0,0.7,3,1,25,50,1.3638,1732
99.3,0,0.7,3,1,25,50,1.40908,1732
99.3,0,0.7,3,1,25,50,1.45586,1732
99.3,0,0.7,3,1,25,50,1.60573,1676
99.3,0,0.7,3,1,25,50,1.63217,1648
99.3,0,0.7,3,1,25,50,1.63217,1569
99.3,0,0.7,3,1,25,50,1.68636,1544
99.3,0,0.7,3,1,25,50,1.71413,1470
99.3,0,0.7,3,1,25,50,1.80019,1399
99.3,0,0.7,3,1,25,50,1.89058,1377
99.3,0,0.7,3,1,25,50,1.98551,1311
99.3,0,0.7,3,1,25,50,2.05143,1289
99.3,0,0.7,3,1,25,50,2.11954,1227
99.3,0,0.7,3,1,25,50,2.15443,1168
99.3,0,0.7,3,1,25,50,2.26261,1131
99.3,0,0.7,3,1,25,50,2.33773,1094
99.3,0,0.7,3,1,25,50,2.57838,1025
99.3,0,0.7,3,1,25,50,2.70785,960
99.3,0,0.7,3,1,25,50,2.79775,929
99.3,0,0.7,3,1,25,50,2.89063,914
99.3,0,0.7,3,1,25,50,3.03577,884
99.3,0,0.7,3,1,25,50,3.13656,842
99.3,0,0.7,3,1,25,50,3.1882,815
99.3,0,0.7,3,1,25,50,3.29405,788
99.3,0,0.7,3,1,25,50,3.40341,763
99.3,0,0.7,3,1,25,50,3.45945,751
99.3,0,0.7,3,1,25,50,3.51641,738
99.3,0,0.7,3,1,25,50,3.5743,715
99.3,0,0.7,3,1,25,50,3.69297,692
99.3,0,0.7,3,1,25,50,3.81558,680
99.3,0,0.7,3,1,25,50,3.8784,669
99.3,0,0.7,3,1,25,50,3.94225,637
99.3,0,0.7,3,1,25,50,4.07314,617
99.3,0,0.7,3,1,25,50,4.27765,607
99.3,0,0.7,3,1,25,50,4.49244,578
99.3,0,0.7,3,1,25,50,4.49244,568
99.3,0,0.7,3,1,25,50,4.79569,541
99.3,0,0.7,3,1,25,50,4.87465,532
99.3,0,0.7,3,1,25,50,4.95491,523
99.3,0,0.7,3,1,25,50,5.03649,515
99.3,0,0.7,3,1,25,50,5.11941,490
99.3,0,0.7,3,1,25,50,5.37646,482
99.3,0,0.7,3,1,25,50,5.28937,474
95.5,3.8,0.7,3,1,25,50,0.143845,45409
95.5,3.8,0.7,3,1,25,50,0.14827,44051
95.5,3.8,0.7,3,1,25,50,0.159131,41456
95.5,3.8,0.7,3,1,25,50,0.169071,40215
95.5,3.8,0.7,3,1,25,50,0.174272,39013
95.5,3.8,0.7,3,1,25,50,0.179633,37846
95.5,3.8,0.7,3,1,25,50,0.187038,35080
95.5,3.8,0.7,3,1,25,50,0.192791,33518
95.5,3.8,0.7,3,1,25,50,0.198722,32515
95.5,3.8,0.7,3,1,25,50,0.202776,32025
95.5,3.8,0.7,3,1,25,50,0.213279,29684
95.5,3.8,0.7,3,1,25,50,0.224325,27935
95.5,3.8,0.7,3,1,25,50,0.233572,27514
95.5,3.8,0.7,3,1,25,50,0.243201,26289
95.5,3.8,0.7,3,1,25,50,0.255797,24001
95.5,3.8,0.7,3,1,25,50,0.266341,22932
95.5,3.8,0.7,3,1,25,50,0.274534,22246
95.5,3.8,0.7,3,1,25,50,0.285851,21256
95.5,3.8,0.7,3,1,25,50,0.306791,20309
95.5,3.8,0.7,3,1,25,50,0.31305,20003
95.5,3.8,0.7,3,1,25,50,0.332606,18262
95.5,3.8,0.7,3,1,25,50,0.349832,17715
95.5,3.8,0.7,3,1,25,50,0.364253,16927
95.5,3.8,0.7,3,1,25,50,0.390936,16173
95.5,3.8,0.7,3,1,25,50,0.411183,15453
95.5,3.8,0.7,3,1,25,50,0.428133,14991
95.5,3.8,0.7,3,1,25,50,0.445782,14323
95.5,3.8,0.7,3,1,25,50,0.459495,13276
95.5,3.8,0.7,3,1,25,50,0.483293,12494
95.5,3.8,0.7,3,1,25,50,0.49816,11938
95.5,3.8,0.7,3,1,25,50,0.518695,11406
95.5,3.8,0.7,3,1,25,50,0.534651,11065
95.5,3.8,0.7,3,1,25,50,0.562341,10573
95.5,3.8,0.7,3,1,25,50,0.585523,9800
95.5,3.8,0.7,3,1,25,50,0.60966,9652
95.5,3.8,0.7,3,1,25,50,0.628414,9222
95.5,3.8,0.7,3,1,25,50,0.647744,8946
95.5,3.8,0.7,3,1,25,50,0.681292,8679
95.5,3.8,0.7,3,1,25,50,0.695193,8548
95.5,3.8,0.7,3,1,25,50,0.731198,8044
95.5,3.8,0.7,3,1,25,50,0.75369,7344
95.5,3.8,0.7,3,1,25,50,0.761341,7124
95.5,3.8,0.7,3,1,25,50,0.776875,6604
95.5,3.8,0.7,3,1,25,50,0.800772,6604
95.5,3.8,0.7,3,1,25,50,0.825404,6504
95.5,3.8,0.7,3,1,25,50,0.894859,6406
95.5,3.8,0.7,3,1,25,50,0.931748,5938
95.5,3.8,0.7,3,1,25,50,0.950758,5760
95.5,3.8,0.7,3,1,25,50,0.989952,5421
95.5,3.8,0.7,3,1,25,50,1.03076,5259
95.5,3.8,0.7,3,1,25,50,1.07325,5101
95.5,3.8,0.7,3,1,25,50,1.15187,4657
95.5,3.8,0.7,3,1,25,50,1.21153,4383
95.5,3.8,0.7,3,1,25,50,1.27427,4188
95.5,3.8,0.7,3,1,25,50,1.3268,4062
95.5,3.8,0.7,3,1,25,50,1.3815,3941
95.5,3.8,0.7,3,1,25,50,1.43845,3653
95.5,3.8,0.7,3,1,25,50,1.4678,3544
95.5,3.8,0.7,3,1,25,50,1.49775,3490
95.5,3.8,0.7,3,1,25,50,1.54382,3438
95.5,3.8,0.7,3,1,25,50,1.64026,3285
95.5,3.8,0.7,3,1,25,50,1.74272,3186
95.5,3.8,0.7,3,1,25,50,1.76041,3186
95.5,3.8,0.7,3,1,25,50,1.81456,3091
95.5,3.8,0.7,3,1,25,50,1.87038,2865
95.5,3.8,0.7,3,1,25,50,1.94748,2696
95.5,3.8,0.7,3,1,25,50,1.98722,2656
95.5,3.8,0.7,3,1,25,50,2.06914,2656
95.5,3.8,0.7,3,1,25,50,2.11136,2656
95.5,3.8,0.7,3,1,25,50,2.24325,2738
95.5,3.8,0.7,3,1,25,50,2.26602,2576
95.5,3.8,0.7,3,1,25,50,2.31225,2388
95.5,3.8,0.7,3,1,25,50,2.35943,2213
95.5,3.8,0.7,3,1,25,50,2.43201,2147
95.5,3.8,0.7,3,1,25,50,2.48163,2115
95.5,3.8,0.7,3,1,25,50,2.53226,2052
95.5,3.8,0.7,3,1,25,50,2.58393,2021
95.5,3.8,0.7,3,1,25,50,2.66341,1931
95.5,3.8,0.7,3,1,25,50,2.66341,1873
95.5,3.8,0.7,3,1,25,50,2.74534,1763
95.5,3.8,0.7,3,1,25,50,2.80136,1736
95.5,3.8,0.7,3,1,25,50,2.82979,1736
95.5,3.8,0.7,3,1,25,50,2.97635,1659
95.5,3.8,0.7,3,1,25,50,2.97635,1609
95.5,3.8,0.7,3,1,25,50,2.91684,1492
95.5,3.8,0.7,3,0.001,125,50,1.43845,1990
95.5,3.8,0.7,3,0.001,125,50,1.4827,1931
95.5,3.8,0.7,3,0.001,125,50,1.49775,1902
95.5,3.8,0.7,3,0.001,125,50,1.54382,1817
95.5,3.8,0.7,3,0.001,125,50,1.59131,1736
95.5,3.8,0.7,3,0.001,125,50,1.65691,1659
95.5,3.8,0.7,3,0.001,125,50,1.72521,1585
95.5,3.8,0.7,3,0.001,125,50,1.76041,1561
95.5,3.8,0.7,3,0.001,125,50,1.83298,1469
95.5,3.8,0.7,3,0.001,125,50,1.90854,1425
95.5,3.8,0.7,3,0.001,125,50,1.96725,1382
95.5,3.8,0.7,3,0.001,125,50,2.06914,1301
95.5,3.8,0.7,3,0.001,125,50,2.06914,1281
95.5,3.8,0.7,3,0.001,125,50,2.13279,1243
95.5,3.8,0.7,3,0.001,125,50,2.15443,1206
95.5,3.8,0.7,3,0.001,125,50,2.24325,1152
95.5,3.8,0.7,3,0.001,125,50,2.28902,1118
95.5,3.8,0.7,3,0.001,125,50,2.33572,1101
95.5,3.8,0.7,3,0.001,125,50,2.35943,1101
95.5,3.8,0.7,3,0.001,125,50,2.48163,1005
95.5,3.8,0.7,3,0.001,125,50,2.58393,960
95.5,3.8,0.7,3,0.001,125,50,2.63665,903
95.5,3.8,0.7,3,0.001,125,50,2.74534,850
95.5,3.8,0.7,3,0.001,125,50,2.82979,838
95.5,3.8,0.7,3,0.001,125,50,2.88753,825
95.5,3.8,0.7,3,0.001,125,50,3.00656,800
95.5,3.8,0.7,3,0.001,125,50,3.00656,776
95.5,3.8,0.7,3,0.001,125,50,3.1305,753
95.5,3.8,0.7,3,0.001,125,50,3.16228,742
95.5,3.8,0.7,3,0.001,125,50,3.32606,698
95.5,3.8,0.7,3,0.001,125,50,3.42837,677
95.5,3.8,0.7,3,0.001,125,50,3.49832,667
95.5,3.8,0.7,3,0.001,125,50,3.5697,657
95.5,3.8,0.7,3,0.001,125,50,3.64253,657
95.5,3.8,0.7,3,0.001,125,50,3.64253,647
95.5,3.8,0.7,3,0.001,125,50,3.67951,637
95.5,3.8,0.7,3,0.001,125,50,3.87007,600
95.5,3.8,0.7,3,0.001,125,50,4.11183,573
95.5,3.8,0.7,3,0.001,125,50,4.15357,573
95.5,3.8,0.7,3,0.001,125,50,4.23831,564
95.5,3.8,0.7,3,0.001,125,50,4.28133,564
95.5,3.8,0.7,3,0.001,125,50,4.36869,539
95.5,3.8,0.7,3,0.001,125,50,4.50307,523
95.5,3.8,0.7,3,0.001,125,50,4.54878,508
95.5,3.8,0.7,3,0.001,125,50,4.64159,492
95.5,3.8,0.7,3,0.001,125,50,4.6887,485
95.5,3.8,0.7,3,0.001,125,50,4.83293,470
95.5,3.8,0.7,3,0.001,125,50,4.9816,456
95.5,3.8,0.7,3,0.001,125,50,5.08324,443
95.5,3.8,0.7,3,0.001,125,50,5.13483,430
95.5,3.8,0.7,3,0.001,125,50,5.29278,423
95.5,3.8,0.7,3,0.001,125,50,5.40078,410
95.5,3.8,0.7,3,0.001,125,50,5.56691,398
95.5,3.8,0.7,3,0.001,125,50,5.68049,386
95.5,3.8,0.7,3,0.001,125,50,5.73815,380
95.5,3.8,0.7,3,0.001,125,50,5.79639,369
95.5,3.8,0.7,3,0.001,125,50,5.85523,363
95.5,3.8,0.7,3,0.001,125,50,6.0966,353
95.5,3.8,0.7,3,0.001,125,50,6.15848,347
95.5,3.8,0.7,3,0.001,125,50,6.22099,337
95.5,3.8,0.7,3,0.001,125,50,6.41235,332
95.5,3.8,0.7,3,0.001,125,50,6.47744,327
95.5,3.8,0.7,3,0.001,125,50,6.54319,322
95.5,3.8,0.7,3,0.001,125,50,6.6096,317
95.5,3.8,0.7,3,0.001,125,50,6.67669,312
95.5,3.8,0.7,3,0.001,125,50,6.74446,308
95.5,3.8,0.7,3,0.001,125,50,6.88207,303
95.5,3.8,0.7,3,0.001,125,50,7.02249,298
99.3,0,0.7,3,1,25,50,0.387007,7233
99.3,0,0.7,3,1,25,50,0.390936,7233
99.3,0,0.7,3,1,25,50,0.411183,6911
99.3,0,0.7,3,1,25,50,0.428133,6705
99.3,0,0.7,3,1,25,50,0.432479,6604
99.3,0,0.7,3,1,25,50,0.445782,6310
99.3,0,0.7,3,1,25,50,0.459495,5938
99.3,0,0.7,3,1,25,50,0.478437,5673
99.3,0,0.7,3,1,25,50,0.493154,5504
99.3,0,0.7,3,1,25,50,0.503216,5101
99.3,0,0.7,3,1,25,50,0.529278,4949
99.3,0,0.7,3,1,25,50,0.545559,4949
99.3,0,0.7,3,1,25,50,0.562341,4874
99.3,0,0.7,3,1,25,50,0.573815,4729
99.3,0,0.7,3,1,25,50,0.585523,4518
99.3,0,0.7,3,1,25,50,0.591466,4450
99.3,0,0.7,3,1,25,50,0.60966,4317
99.3,0,0.7,3,1,25,50,0.628414,4188
99.3,0,0.7,3,1,25,50,0.647744,4001
99.3,0,0.7,3,1,25,50,0.674446,3941
99.3,0,0.7,3,1,25,50,0.695193,3823
99.3,0,0.7,3,1,25,50,0.731198,3653
99.3,0,0.7,3,1,25,50,0.746117,3544
99.3,0,0.7,3,1,25,50,0.78476,3438
99.3,0,0.7,3,1,25,50,0.81711,3285
99.3,0,0.7,3,1,25,50,0.842245,3235
99.3,0,0.7,3,1,25,50,0.868153,3138
99.3,0,0.7,3,1,25,50,0.913117,2999
99.3,0,0.7,3,1,25,50,0.931748,2865
99.3,0,0.7,3,1,25,50,0.950758,2779
99.3,0,0.7,3,1,25,50,1.01015,2696
99.3,0,0.7,3,1,25,50,1.01015,2616
99.3,0,0.7,3,1,25,50,1.08415,2462
99.3,0,0.7,3,1,25,50,1.09515,2537
99.3,0,0.7,3,1,25,50,1.12884,2317
99.3,0,0.7,3,1,25,50,1.17537,2115
99.3,0,0.7,3,1,25,50,1.19935,2083
99.3,0,0.7,3,1,25,50,1.21153,2083
99.3,0,0.7,3,1,25,50,1.23625,2083
99.3,0,0.7,3,1,25,50,1.27427,2052
99.3,0,0.7,3,1,25,50,1.31347,1990
99.3,0,0.7,3,1,25,50,1.36762,1736
99.3,0,0.7,3,1,25,50,1.3815,1736
99.3,0,0.7,3,1,25,50,1.45305,1736
99.3,0,0.7,3,1,25,50,1.52831,1684
99.3,0,0.7,3,1,25,50,1.55949,1634
99.3,0,0.7,3,1,25,50,1.57532,1609
99.3,0,0.7,3,1,25,50,1.62378,1537
99.3,0,0.7,3,1,25,50,1.64026,1492
99.3,0,0.7,3,1,25,50,1.70788,1425
99.3,0,0.7,3,1,25,50,1.76041,1404
99.3,0,0.7,3,1,25,50,1.87038,1404
99.3,0,0.7,3,1,25,50,1.98722,1382
99.3,0,0.7,3,1,25,50,2.06914,1341
99.3,0,0.7,3,1,25,50,2.13279,1262
99.3,0,0.7,3,1,25,50,2.1763,1224
99.3,0,0.7,3,1,25,50,2.19839,1188
99.3,0,0.7,3,1,25,50,2.26602,1118
99.3,0,0.7,3,1,25,50,2.31225,1084
99.3,0,0.7,3,1,25,50,2.38338,1084
99.3,0,0.7,3,1,25,50,2.43201,1068
99.3,0,0.7,3,1,25,50,2.50682,1036
99.3,0,0.7,3,1,25,50,2.61016,990
99.3,0,0.7,3,1,25,50,2.71776,960
99.3,0,0.7,3,1,25,50,2.82979,932
99.3,0,0.7,3,1,25,50,2.88753,890
99.3,0,0.7,3,1,25,50,2.94644,864
99.3,0,0.7,3,1,25,50,3.06791,838
99.3,0,0.7,3,1,25,50,3.09905,825
99.3,0,0.7,3,1,25,50,3.2268,776
99.3,0,0.7,3,1,25,50,3.32606,765
99.3,0,0.7,3,1,25,50,3.35982,753
99.3,0,0.7,3,1,25,50,3.53383,742
99.3,0,0.7,3,1,25,50,3.5697,731
99.3,0,0.7,3,1,25,50,3.67951,709
99.3,0,0.7,3,1,25,50,3.75458,698
99.3,0,0.7,3,1,25,50,3.87007,677
99.3,0,0.7,3,1,25,50,3.90936,657
99.3,0,0.7,3,1,25,50,4.07051,637
99.3,0,0.7,3,1,25,50,4.11183,618
99.3,0,0.7,3,1,25,50,4.32479,582
99.3,0,0.7,3,1,25,50,4.41303,564
99.3,0,0.7,3,1,25,50,4.45782,564
99.3,0,0.7,3,1,25,50,4.54878,539
99.3,0,0.7,3,1,25,50,4.6887,523
99.3,0,0.7,3,1,25,50,4.78437,515
99.3,0,0.7,3,1,25,50,4.88199,508
99.3,0,0.7,3,1,25,50,4.9816,508
99.3,0,0.7,3,1,25,50,5.13483,508
99.3,0,0.7,3,1,25,50,5.29278,500
99.3,0,0.7,3,1,25,50,5.29278,485
99.3,0,0.7,3,0.001,125,50,1.57532,890
99.3,0,0.7,3,0.001,125,50,1.60746,850
99.3,0,0.7,3,0.001,125,50,1.62378,838
99.3,0,0.7,3,0.001,125,50,1.67373,776
99.3,0,0.7,3,0.001,125,50,1.72521,753
99.3,0,0.7,3,0.001,125,50,1.77828,731
99.3,0,0.7,3,0.001,125,50,1.81456,709
99.3,0,0.7,3,0.001,125,50,1.85159,677
99.3,0,0.7,3,0.001,125,50,1.90854,647
99.3,0,0.7,3,0.001,125,50,1.96725,609
99.3,0,0.7,3,0.001,125,50,2.00739,582
99.3,0,0.7,3,0.001,125,50,2.06914,556
99.3,0,0.7,3,0.001,125,50,2.13279,539
99.3,0,0.7,3,0.001,125,50,2.1763,531
99.3,0,0.7,3,0.001,125,50,2.22071,523
99.3,0,0.7,3,0.001,125,50,2.26602,508
99.3,0,0.7,3,0.001,125,50,2.35943,485
99.3,0,0.7,3,0.001,125,50,2.48163,450
99.3,0,0.7,3,0.001,125,50,2.50682,436
99.3,0,0.7,3,0.001,125,50,2.61016,423
99.3,0,0.7,3,0.001,125,50,2.77321,380
99.3,0,0.7,3,0.001,125,50,2.80136,369
99.3,0,0.7,3,0.001,125,50,2.82979,363
99.3,0,0.7,3,0.001,125,50,2.91684,342
99.3,0,0.7,3,0.001,125,50,3.00656,322
99.3,0,0.7,3,0.001,125,50,3.09905,308
99.3,0,0.7,3,0.001,125,50,3.19438,294
99.3,0,0.7,3,0.001,125,50,3.2268,285
99.3,0,0.7,3,0.001,125,50,3.39392,277
99.3,0,0.7,3,0.001,125,50,3.42837,268
99.3,0,0.7,3,0.001,125,50,3.53383,260
99.3,0,0.7,3,0.001,125,50,3.5697,252
99.3,0,0.7,3,0.001,125,50,3.64253,249
99.3,0,0.7,3,0.001,125,50,3.71685,245
99.3,0,0.7,3,0.001,125,50,3.83119,238
99.3,0,0.7,3,0.001,125,50,3.90936,230
99.3,0,0.7,3,0.001,125,50,4.07051,220
99.3,0,0.7,3,0.001,125,50,4.15357,217
99.3,0,0.7,3,0.001,125,50,4.19573,210
99.3,0,0.7,3,0.001,125,50,4.32479,192
99.3,0,0.7,3,0.001,125,50,4.41303,189
99.3,0,0.7,3,0.001,125,50,4.50307,195
99.3,0,0.7,3,0.001,125,50,4.93154,175
99.3,0,0.7,3,0.001,125,50,4.9816,170
99.3,0,0.7,3,0.001,125,50,5.2396,160
99.3,0,0.7,3,0.001,125,50,5.34651,155
99.3,0,0.7,3,0.001,125,50,5.51097,148
99.3,0,0.7,3,0.001,125,50,5.51097,146
99.3,0,0.7,3,0.001,125,50,5.62341,140
99.3,0,0.7,3,0.001,125,50,5.73815,133
99.3,0,0.7,3,0.001,125,50,5.79639,133
99.3,0,0.7,3,0.001,125,50,5.9747,133
99.3,0,0.7,3,0.001,125,50,6.03534,133
99.3,0,0.7,3,0.001,125,50,6.34792,120
99.3,0,0.7,3,0.001,125,50,6.41235,118
99.3,0,0.7,3,0.001,125,50,6.74446,110
99.3,0,0.7,3,0.001,125,50,6.88207,106
99.3,0,0.7,3,0.001,125,50,7.09377,106
95.5,3.8,0.7,3,0.01,125,50,0.965713,3190
95.5,3.8,0.7,3,0.01,125,50,1.0211,3104
95.5,3.8,0.7,3,0.01,125,50,1.04025,3076
95.5,3.8,0.7,3,0.01,125,50,1.09995,3049
95.5,3.8,0.7,3,0.01,125,50,1.13106,3022
95.5,3.8,0.7,3,0.01,125,50,1.18486,2940
95.5,3.8,0.7,3,0.01,125,50,1.20706,2886
95.5,3.8,0.7,3,0.01,125,50,1.24116,2807
95.5,3.8,0.7,3,0.01,125,50,1.26444,2782
95.5,3.8,0.7,3,0.01,125,50,1.28819,2782
95.5,3.8,0.7,3,0.01,125,50,1.32455,2681
95.5,3.8,0.7,3,0.01,125,50,1.33681,2559
95.5,3.8,0.7,3,0.01,125,50,1.38747,2536
95.5,3.8,0.7,3,0.01,125,50,1.40038,2490
95.5,3.8,0.7,3,0.01,125,50,1.43999,2467
95.5,3.8,0.7,3,0.01,125,50,1.45334,2377
95.5,3.8,0.7,3,0.01,125,50,1.45326,2312
95.5,3.8,0.7,3,0.01,125,50,1.4805,2270
95.5,3.8,0.7,3,0.01,125,50,1.50822,2207
95.5,3.8,0.7,3,0.01,125,50,1.53649,2167
95.5,3.8,0.7,3,0.01,125,50,1.60956,2108
95.5,3.8,0.7,3,0.01,125,50,1.60941,2012
95.5,3.8,0.7,3,0.01,125,50,1.6548,1921
95.5,3.8,0.7,3,0.01,125,50,1.68585,1904
95.5,3.8,0.7,3,0.01,125,50,1.68579,1868
95.5,3.8,0.7,3,0.01,125,50,1.78227,1719
95.5,3.8,0.7,3,0.01,125,50,1.86692,1626
95.5,3.8,0.7,3,0.01,125,50,1.95563,1553
95.5,3.8,0.7,3,0.01,125,50,2.02967,1511
95.5,3.8,0.7,3,0.01,125,50,2.06771,1483
95.5,3.8,0.7,3,0.01,125,50,2.12623,1484
95.5,3.8,0.7,3,0.01,125,50,2.16608,1456
95.5,3.8,0.7,3,0.01,125,50,2.22722,1403
95.5,3.8,0.7,3,0.01,125,50,2.26897,1378
95.5,3.8,0.7,3,0.01,125,50,2.31137,1315
95.5,3.8,0.7,3,0.01,125,50,2.35469,1291
95.5,3.8,0.7,3,0.01,125,50,2.42129,1280
95.5,3.8,0.7,3,0.01,125,50,2.44383,1256
95.5,3.8,0.7,3,0.01,125,50,2.60784,1156
95.5,3.8,0.7,3,0.01,125,50,2.70651,1114
95.5,3.8,0.7,3,0.01,125,50,2.91525,1044
95.5,3.8,0.7,3,0.01,125,50,2.94239,1025
95.5,3.8,0.7,3,0.01,125,50,2.99754,1006
95.5,3.8,0.7,3,0.01,125,50,3.08215,970
95.5,3.8,0.7,3,0.01,125,50,3.16909,926
95.5,3.8,0.7,3,0.01,125,50,3.31962,876
95.5,3.8,0.7,3,0.01,125,50,3.35052,860
95.5,3.8,0.7,3,0.01,125,50,3.47742,844
95.5,3.8,0.7,3,0.01,125,50,3.60893,806
95.5,3.8,0.7,3,0.01,125,50,3.6088,791
95.5,3.8,0.7,3,0.01,125,50,3.6765,784
95.5,3.8,0.7,3,0.01,125,50,3.78028,756
95.5,3.8,0.7,3,0.01,125,50,3.92346,742
95.5,3.8,0.7,3,0.01,125,50,4.10982,702
95.5,3.8,0.7,3,0.01,125,50,4.22582,676
95.5,3.8,0.7,3,0.01,125,50,4.34502,646
95.5,3.8,0.7,3,0.01,125,50,4.46767,622
95.5,3.8,0.7,3,0.01,125,50,4.55132,605
95.5,3.8,0.7,3,0.01,125,50,4.55106,589
95.5,3.8,0.7,3,0.01,125,50,4.63636,578
95.5,3.8,0.7,3,0.01,125,50,4.81188,562
95.5,3.8,0.7,3,0.01,125,50,4.85667,552
95.5,3.8,0.7,3,0.01,125,50,4.99404,547
95.5,3.8,0.7,3,0.01,125,50,5.1352,537
95.5,3.8,0.7,3,0.01,125,50,5.48024,513
95.5,3.8,0.7,3,0.01,125,50,5.53126,503
96.5,3.5,0,9,0.3,20,25,0.291787,2619
96.5,3.5,0,9,0.3,20,25,0.295017,2517
96.5,3.5,0,9,0.3,20,25,0.298286,2443
96.5,3.5,0,9,0.3,20,25,0.301595,2395
96.5,3.5,0,9,0.3,20,25,0.315221,2325
96.5,3.5,0,9,0.3,20,25,0.315206,2234
96.5,3.5,0,9,0.3,20,25,0.316935,2126
96.5,3.5,0,9,0.3,20,25,0.338664,2084
96.5,3.5,0,9,0.3,20,25,0.353944,1925
96.5,3.5,0,9,0.3,20,25,0.348148,2043
96.5,3.5,0,9,0.3,20,25,0.35982,1743
96.5,3.5,0,9,0.3,20,25,0.367857,1709
96.5,3.5,0,9,0.3,20,25,0.373986,1626
96.5,3.5,0,9,0.3,20,25,0.380231,1594
96.5,3.5,0,9,0.3,20,25,0.384445,1548
96.5,3.5,0,9,0.3,20,25,0.393012,1458
96.5,3.5,0,9,0.3,20,25,0.395182,1429
96.5,3.5,0,9,0.3,20,25,0.399575,1429
96.5,3.5,0,9,0.3,20,25,0.404013,1415
96.5,3.5,0,9,0.3,20,25,0.415316,1360
96.5,3.5,0,9,0.3,20,25,0.422251,1334
96.5,3.5,0,9,0.3,20,25,0.44378,1307
96.5,3.5,0,9,0.3,20,25,0.448709,1294
96.5,3.5,0,9,0.3,20,25,0.448687,1244
96.5,3.5,0,9,0.3,20,25,0.451148,1184
96.5,3.5,0,9,0.3,20,25,0.453627,1138
96.5,3.5,0,9,0.3,20,25,0.456114,1083
96.5,3.5,0,9,0.3,20,25,0.461174,1061
96.5,3.5,0,9,0.3,20,25,0.471458,1010
96.5,3.5,0,9,0.3,20,25,0.476693,1000
96.5,3.5,0,9,0.3,20,25,0.481982,980
96.5,3.5,0,9,0.3,20,25,0.498213,942
96.5,3.5,0,9,0.3,20,25,0.503734,915
96.5,3.5,0,9,0.3,20,25,0.509334,915
96.5,3.5,0,9,0.3,20,25,0.514991,906
96.5,3.5,0,9,0.3,20,25,0.526474,862
96.5,3.5,0,9,0.3,20,25,0.535265,845
96.5,3.5,0,9,0.3,20,25,0.547201,804
96.5,3.5,0,9,0.3,20,25,0.550227,796
96.5,3.5,0,9,0.3,20,25,0.550201,765
96.5,3.5,0,9,0.3,20,25,0.559389,750
96.5,3.5,0,9,0.3,20,25,0.56247,728
96.5,3.5,0,9,0.3,20,25,0.571862,714
96.5,3.5,0,9,0.3,20,25,0.581404,693
96.5,3.5,0,9,0.3,20,25,0.58139,679
96.5,3.5,0,9,0.3,20,25,0.584599,666
96.5,3.5,0,9,0.3,20,25,0.587833,659
96.5,3.5,0,9,0.3,20,25,0.594354,646
96.5,3.5,0,9,0.3,20,25,0.600948,633
96.5,3.5,0,9,0.3,20,25,0.610961,603
96.5,3.5,0,9,0.3,20,25,0.610954,597
96.5,3.5,0,9,0.3,20,25,0.617746,597
96.5,3.5,0,9,0.3,80,25,0.176104,3774
96.5,3.5,0,9,0.3,80,25,0.18106,3632
96.5,3.5,0,9,0.3,80,25,0.187197,3563
96.5,3.5,0,9,0.3,80,25,0.1914,3461
96.5,3.5,0,9,0.3,80,25,0.197874,3204
96.5,3.5,0,9,0.3,80,25,0.198975,3173
96.5,3.5,0,9,0.3,80,25,0.203443,3083
96.5,3.5,0,9,0.3,80,25,0.204558,2853
96.5,3.5,0,9,0.3,80,25,0.207981,2667
96.5,3.5,0,9,0.3,80,25,0.210305,2641
96.5,3.5,0,9,0.3,80,25,0.216225,2566
96.5,3.5,0,9,0.3,80,25,0.222307,2445
96.5,3.5,0,9,0.3,80,25,0.228555,2285
96.5,3.5,0,9,0.3,80,25,0.233687,2220
96.5,3.5,0,9,0.3,80,25,0.241597,2095
96.5,3.5,0,9,0.3,80,25,0.247018,2016
96.5,3.5,0,9,0.3,80,25,0.252556,1902
96.5,3.5,0,9,0.3,80,25,0.252547,1848
96.5,3.5,0,9,0.3,80,25,0.251135,1778
96.5,3.5,0,9,0.3,80,25,0.251109,1630
96.5,3.5,0,9,0.3,80,25,0.259627,1630
96.5,3.5,0,9,0.3,80,25,0.265465,1630
96.5,3.5,0,9,0.3,80,25,0.26844,1662
96.5,3.5,0,9,0.3,80,25,0.27448,1678
96.5,3.5,0,9,0.3,80,25,0.277549,1678
96.5,3.5,0,9,0.3,80,25,0.28854,1569
96.5,3.5,0,9,0.3,80,25,0.291736,1438
96.5,3.5,0,9,0.3,80,25,0.291725,1397
96.5,3.5,0,9,0.3,80,25,0.296618,1344
96.5,3.5,0,9,0.3,80,25,0.304972,1318
96.5,3.5,0,9,0.3,80,25,0.306665,1293
96.5,3.5,0,9,0.3,80,25,0.310084,1256
96.5,3.5,0,9,0.3,80,25,0.313543,1232
96.5,3.5,0,9,0.3,80,25,0.31881,1209
96.5,3.5,0,9,0.3,80,25,0.327785,1174
96.5,3.5,0,9,0.3,80,25,0.3389,1163
96.5,3.5,0,9,0.3,80,25,0.344588,1130
96.5,3.5,0,9,0.3,80,25,0.344568,1077
96.5,3.5,0,9,0.3,80,25,0.34456,1056
96.5,3.5,0,9,0.3,80,25,0.35426,1026
96.5,3.5,0,9,0.3,80,25,0.364233,997
96.5,3.5,0,9,0.3,80,25,0.376575,968
96.5,3.5,0,9,0.3,80,25,0.387173,932
96.5,3.5,0,9,0.3,80,25,0.393671,905
96.5,3.5,0,9,0.3,80,25,0.4025,863
96.5,3.5,0,9,0.3,80,25,0.406996,854
96.5,3.5,0,9,0.3,80,25,0.413832,838
96.5,3.5,0,9,0.3,80,25,0.43024,814
96.5,3.5,0,9,0.3,80,25,0.444819,791
96.5,3.5,0,9,0.3,80,25,0.444808,776
96.5,3.5,0,9,0.3,80,25,0.442321,746
96.5,3.5,0,9,0.3,80,25,0.439843,711
96.5,3.5,0,9,0.3,80,25,0.442259,665
96.5,3.5,0,9,0.3,80,25,0.452194,652
96.5,3.5,0,9,0.3,80,25,0.454705,639
96.5,3.5,0,9,0.3,80,25,0.457213,609
96.5,3.5,0,9,0.3,80,25,0.46232,603
96.5,3.5,0,9,0.3,80,25,0.470091,598
96.5,3.5,0,9,0.3,80,25,0.4727,586
96.5,3.5,0,9,0.3,80,25,0.477975,575
96.5,3.5,0,9,0.3,80,25,0.485997,559
96.5,3.5,0,9,0.3,80,25,0.491414,543
96.5,3.5,0,9,0.3,80,25,0.494131,522
96.5,3.5,0,9,0.3,80,25,0.494113,507
96.5,3.5,0,9,0.3,80,25,0.494096,493
96.5,3.5,0,9,0.3,80,25,0.499603,479
96.5,3.5,0,9,0.3,80,25,0.505202,488
96.5,3.5,0,9,0.3,80,25,0.505148,447
96.5,3.5,0,9,0.3,-20,25,0.201739,9458
96.5,3.5,0,9,0.3,-20,25,0.203895,9284
96.5,3.5,0,9,0.3,-20,25,0.208278,8946
96.5,3.5,0,9,0.3,-20,25,0.215029,8461
96.5,3.5,0,9,0.3,-20,25,0.219651,8152
96.5,3.5,0,9,0.3,-20,25,0.224373,7711
96.5,3.5,0,9,0.3,-20,25,0.226771,7569
96.5,3.5,0,9,0.3,-20,25,0.229195,7293
96.5,3.5,0,9,0.3,-20,25,0.236625,6771
96.5,3.5,0,9,0.3,-20,25,0.239154,6646
96.5,3.5,0,9,0.3,-20,25,0.241711,6646
96.5,3.5,0,9,0.3,-20,25,0.246906,6057
96.5,3.5,0,9,0.3,-20,25,0.246906,5946
96.5,3.5,0,9,0.3,-20,25,0.246906,5729
96.5,3.5,0,9,0.3,-20,25,0.246906,5623
96.5,3.5,0,9,0.3,-20,25,0.252213,5418
96.5,3.5,0,9,0.3,-20,25,0.254909,5125
96.5,3.5,0,9,0.3,-20,25,0.257634,5031
96.5,3.5,0,9,0.3,-20,25,0.263172,4938
96.5,3.5,0,9,0.3,-20,25,0.268829,4670
96.5,3.5,0,9,0.3,-20,25,0.271703,4500
96.5,3.5,0,9,0.3,-20,25,0.277543,4336
96.5,3.5,0,9,0.3,-20,25,0.28051,4256
96.5,3.5,0,9,0.3,-20,25,0.28051,4178
96.5,3.5,0,9,0.3,-20,25,0.286539,3952
96.5,3.5,0,9,0.3,-20,25,0.289602,3808
96.5,3.5,0,9,0.3,-20,25,0.292698,3669
96.5,3.5,0,9,0.3,-20,25,0.295827,3669
96.5,3.5,0,9,0.3,-20,25,0.295827,3601
96.5,3.5,0,9,0.3,-20,25,0.302186,3535
96.5,3.5,0,9,0.3,-20,25,0.305416,3470
96.5,3.5,0,9,0.3,-20,25,0.308681,3343
96.5,3.5,0,9,0.3,-20,25,0.308681,3104
96.5,3.5,0,9,0.3,-20,25,0.308681,2991
96.5,3.5,0,9,0.3,-20,25,0.305416,2936
96.5,3.5,0,9,0.3,-20,25,0.308681,2882
96.5,3.5,0,9,0.3,-20,25,0.311981,2882
96.5,3.5,0,9,0.3,-20,25,0.322094,2882
96.5,3.5,0,9,0.3,-20,25,0.329017,2882
96.5,3.5,0,9,0.3,-20,25,0.329017,2829
96.5,3.5,0,9,0.3,-20,25,0.332534,2726
96.5,3.5,0,9,0.3,-20,25,0.336089,2626
96.5,3.5,0,9,0.3,-20,25,0.339682,2626
96.5,3.5,0,9,0.3,-20,25,0.339682,2531
96.5,3.5,0,9,0.3,-20,25,0.346983,2438
96.5,3.5,0,9,0.3,-20,25,0.350693,2393
96.5,3.5,0,9,0.3,-20,25,0.354442,2349
96.5,3.5,0,9,0.3,-20,25,0.354442,2306
96.5,3.5,0,9,0.3,-20,25,0.36206,2181
96.5,3.5,0,9,0.3,-20,25,0.365931,2141
96.5,3.5,0,9,0.3,-20,25,0.365931,2102
96.5,3.5,0,9,0.3,-20,25,0.369842,2063
96.5,3.5,0,9,0.3,-20,25,0.373796,2025
96.5,3.5,0,9,0.3,-20,25,0.377792,1951
96.5,3.5,0,9,0.3,-20,25,0.381831,1915
96.5,3.5,0,9,0.3,-20,25,0.385912,1880
96.5,3.5,0,9,0.3,-20,25,0.390038,1846
96.5,3.5,0,9,0.3,-20,25,0.394207,1812
96.5,3.5,0,9,0.3,-20,25,0.398422,1812
96.5,3.5,0,9,0.3,-20,25,0.402681,1746
96.5,3.5,0,9,0.3,-20,25,0.406985,1713
96.5,3.5,0,9,0.3,-20,25,0.406985,1682
96.5,3.5,0,9,0.3,-20,25,0.411336,1651
96.5,3.5,0,9,0.3,-20,25,0.411336,1621
96.5,3.5,0,9,0.3,-20,25,0.415733,1562
96.5,3.5,0,9,0.3,-20,25,0.420178,1533
96.5,3.5,0,9,0.3,-20,25,0.420178,1505
96.5,3.5,0,9,0.3,-20,25,0.424669,1505
96.5,3.5,0,9,0.3,-20,25,0.429209,1423
96.5,3.5,0,9,0.3,-20,25,0.433798,1423
96.5,3.5,0,9,0.3,-20,25,0.433798,1397
96.5,3.5,0,9,0.3,-20,25,0.438435,1346
96.5,3.5,0,9,0.3,-20,25,0.443122,1346
96.5,3.5,0,9,0.3,-20,25,0.447859,1321
96.5,3.5,0,9,0.3,-20,25,0.452646,1297
96.5,3.5,0,9,0.3,-20,25,0.457485,1227
96.5,3.5,0,9,0.3,-20,25,0.457485,1204
96.5,3.5,0,9,0.3,-20,25,0.462376,1182
96.5,3.5,0,9,0.3,-20,25,0.467319,1160
96.5,3.5,0,9,0.3,-20,25,0.472314,1160
96.5,3.5,0,9,0.3,-20,25,0.472314,1139
96.5,3.5,0,9,0.3,-20,25,0.477364,1118
96.5,3.5,0,9,0.3,-20,25,0.47964,1101
96.5,3.5,0,9,0.3,-20,25,0.48364,1090
